{
    "q163079-q482": {
        "suppression": {
            "related": {
                "pct_change": [
                    0.15377386800149007,
                    -0.4761615167043258,
                    -0.4765838462286466,
                    -0.1848467433671329,
                    -0.623259507682938,
                    0.07522323825100911,
                    -0.42308304958686593,
                    -0.27769452442110043,
                    0.010234231971160983,
                    -0.4147775436963195,
                    -0.69595761665916,
                    -0.6769678830003326,
                    -0.1922651027167502,
                    -0.07586444645491601,
                    0.16272844260564134,
                    0.11011908743156466,
                    -0.5129804943926702,
                    0.08669764818862791
                ],
                "correct_before": [
                    false,
                    false,
                    false,
                    false,
                    false,
                    false,
                    false,
                    false,
                    false,
                    false,
                    false,
                    false,
                    false,
                    false,
                    false,
                    false,
                    false,
                    false
                ],
                "correct_after": [
                    false,
                    false,
                    false,
                    false,
                    false,
                    false,
                    false,
                    false,
                    false,
                    false,
                    false,
                    false,
                    false,
                    false,
                    false,
                    false,
                    false,
                    false
                ],
                "intervene_n_prompts": 6,
                "observe_n_prompts": 18,
                "intervene_lang": "en",
                "observe_lang": "fr"
            }
        },
        "enhancement": {
            "related": {
                "pct_change": [
                    -0.09499459586121077,
                    1.309086702207149,
                    0.9601249454298447,
                    0.208194418826037,
                    2.3702238814076417,
                    1.1805481986746194,
                    1.2390087961858551,
                    0.515118265652272,
                    -0.03656385435124943,
                    1.0298991377802538,
                    0.9931239694600719,
                    12.42458036353266,
                    0.2362689214514394,
                    0.11915693100378362,
                    -0.177912880728289,
                    -0.11608644257417898,
                    1.4092513986606288,
                    -0.0880181353154754
                ],
                "correct_before": [
                    false,
                    false,
                    false,
                    false,
                    false,
                    false,
                    false,
                    false,
                    false,
                    false,
                    false,
                    false,
                    false,
                    false,
                    false,
                    false,
                    false,
                    false
                ],
                "correct_after": [
                    false,
                    false,
                    false,
                    false,
                    false,
                    false,
                    false,
                    false,
                    false,
                    false,
                    false,
                    false,
                    false,
                    false,
                    false,
                    false,
                    false,
                    false
                ],
                "intervene_n_prompts": 6,
                "observe_n_prompts": 18,
                "intervene_lang": "en",
                "observe_lang": "fr"
            }
        },
        "n_refined_neurons": 32,
        "relation_name": "P136"
    },
    "q44233-q482": {
        "suppression": {
            "related": {
                "pct_change": [
                    0.32250083294181314,
                    -0.11683006890800467,
                    -0.2219052817503664,
                    -0.3701390550731126,
                    -0.5248388059183947,
                    -0.2849345741678635,
                    -0.1830312262448622,
                    -0.31276234323033547,
                    0.24205473012568834,
                    -0.10291797814632228,
                    -0.713736483429696,
                    -0.5577525341034087,
                    0.10400042186188291,
                    0.34554791773807647,
                    0.4214279931063997,
                    0.31401879484429585,
                    -0.15714924526477858,
                    0.21698998169138672
                ],
                "correct_before": [
                    false,
                    false,
                    false,
                    false,
                    false,
                    false,
                    false,
                    false,
                    false,
                    false,
                    false,
                    false,
                    false,
                    false,
                    false,
                    false,
                    false,
                    false
                ],
                "correct_after": [
                    false,
                    false,
                    false,
                    false,
                    false,
                    false,
                    false,
                    false,
                    false,
                    false,
                    false,
                    false,
                    false,
                    false,
                    false,
                    false,
                    false,
                    false
                ],
                "intervene_n_prompts": 6,
                "observe_n_prompts": 18,
                "intervene_lang": "en",
                "observe_lang": "fr"
            }
        },
        "enhancement": {
            "related": {
                "pct_change": [
                    -0.20252365808727657,
                    0.5967782847488105,
                    0.5441285261735874,
                    0.3882330964557859,
                    1.6766177472533792,
                    0.8999863526851754,
                    0.89783330829204,
                    0.576860900555833,
                    -0.21190728974526823,
                    0.4865298446520965,
                    1.3196776006964757,
                    3.308288651728376,
                    -0.04211211806718451,
                    -0.20961675638653343,
                    -0.2977178156677792,
                    -0.24782340671682754,
                    0.5248186256803065,
                    -0.06262993972557651
                ],
                "correct_before": [
                    false,
                    false,
                    false,
                    false,
                    false,
                    false,
                    false,
                    false,
                    false,
                    false,
                    false,
                    false,
                    false,
                    false,
                    false,
                    false,
                    false,
                    false
                ],