{
    "q1239-q668": {
        "suppression": {
            "related": {
                "pct_change": [
                    1.801733180339264e-06,
                    -0.5453009526921133,
                    -0.5496647798436818,
                    0.2313533684083975,
                    -0.7077221069257548,
                    1.620307025947229,
                    -0.5081628936139332,
                    0.7477678458643442,
                    3.8602713475560115e-06,
                    -0.5035087263000986,
                    0.01139129754743899,
                    0.25998351906749795,
                    -0.11038545572782645,
                    -0.477780830843689,
                    -3.7238220211677722e-06,
                    6.728879150490609e-06,
                    -0.5615444685990681,
                    -0.313090479356962
                ],
                "correct_before": [
                    false,
                    false,
                    false,
                    false,
                    false,
                    false,
                    false,
                    false,
                    false,
                    false,
                    false,
                    false,
                    false,
                    false,
                    false,
                    false,
                    false,
                    false
                ],
                "correct_after": [
                    false,
                    false,
                    false,
                    false,
                    false,
                    false,
                    false,
                    false,
                    false,
                    false,
                    false,
                    false,
                    false,
                    false,
                    false,
                    false,
                    false,
                    false
                ],
                "intervene_n_prompts": 20,
                "observe_n_prompts": 18,
                "intervene_lang": "en",
                "observe_lang": "fr"
            }
        },
        "enhancement": {
            "related": {
                "pct_change": [
                    8.263121137418004e-06,
                    2.392257162266206,
                    2.8128160784504104,
                    -0.5244788526225175,
                    11.078416852975224,
                    -0.714076687468304,
                    1.8605065550154791,
                    -0.5114950908041282,
                    6.471631376785077e-06,
                    2.343216332726943,
                    -0.5936963176679352,
                    -0.7858713294685747,
                    0.15982496548262837,
                    1.6520096194884246,
                    -4.1158032865538536e-06,
                    7.192939781558927e-06,
                    2.297506370801752,
                    1.3975172023896087
                ],
                "correct_before": [
                    false,
                    false,
                    false,
                    false,
                    false,
                    false,
                    false,
                    false,
                    false,
                    false,
                    false,
                    false,
                    false,
                    false,
                    false,
                    false,
                    false,
                    false
                ],
                "correct_after": [
                    false,
                    false,
                    false,
                    false,
                    false,
                    false,
                    false,
                    false,
                    false,
                    false,
                    false,
                    false,
                    false,
                    false,
                    false,
                    false,
                    false,
                    false
                ],
                "intervene_n_prompts": 20,
                "observe_n_prompts": 18,
                "intervene_lang": "en",
                "observe_lang": "fr"
            }
        },
        "n_refined_neurons": 1,
        "relation_name": "P138"
    },
    "q30603-q1354": {
        "suppression": {
            "related": {
                "pct_change": [
                    -1.0831411570135503e-07,
                    -0.4777910705851247,
                    -0.6144112432529862,
                    0.1604945383595136,
                    -0.5068303672514656,
                    0.6112377399806773,
                    -0.5316948288310255,
                    -0.22980639400511052,
                    4.775425742181616e-06,
                    -0.3824726812603738,
                    0.2764081644221454,
                    -0.5828831965052191,
                    -0.34796922013491727,
                    -0.5624500809792804,
                    5.436254787010644e-07,
                    0.0,
                    -0.39899107581364435,
                    -0.5759986003260724
                ],
                "correct_before": [
                    false,
                    false,
                    false,
                    false,
                    false,
                    false,
                    false,
                    false,
                    false,
                    false,
                    false,
                    false,
                    false,
                    false,
                    false,
                    false,
                    false,
                    false
                ],
                "correct_after": [
                    false,
                    false,
                    false,
                    false,
                    false,
                    false,
                    false,
                    false,
                    false,
                    false,
                    false,
                    false,
                    false,
                    false,
                    false,
                    false,
                    false,
                    false
                ],
                "intervene_n_prompts": 20,
                "observe_n_prompts": 18,
                "intervene_lang": "en",
                "observe_lang": "fr"
            }
        },
        "enhancement": {
            "related": {
                "pct_change": [
                    4.332564628054201e-06,
                    1.3784982474064928,
                    4.293457646422353,
                    -0.8740139068767303,
                    13.66765451944786,
                    -0.9176525514815391,
                    2.5189169699119414,
                    1.2265729295399257,
                    -5.190680154545234e-07,
                    1.3368369214839952,
                    -0.9265272031841423,
                    3.803201842995123,
                    0.9939844873583817,
                    2.675385920626821,
                    2.718127393505322e-06,
                    4.7229735161149275e-06,
                    1.5238364919218383,
                    5.525794807326765
                ],
                "correct_before": [
                    false,
                    false,
                    false,
                    false,
                    false,
                    false,
                    false,
                    false,
                    false,
                    false,
                    false,
                    false,
                    false,
                    false,
                    false,
                    false,
                    false,
                    false
                ],