{
    "q1375363-q1348": {
        "suppression": {
            "related": {
                "pct_change": [
                    -0.1339366573784908,
                    -0.9267544417329276,
                    -0.911689989317167,
                    -0.9789977925217125,
                    -0.9687091643038614,
                    -0.9908612940482019,
                    -0.9216923885097217,
                    -0.9911555218534055,
                    -0.27282944252627667,
                    -0.8489763893048703,
                    -0.9768529162707829,
                    -0.9961615941958578,
                    -0.9437282030490782,
                    -0.7668370057115435,
                    -0.24367178936583425,
                    -0.005039926451411885,
                    -0.8986388249207817,
                    -0.7508304499977789
                ],
                "correct_before": [
                    false,
                    false,
                    false,
                    false,
                    false,
                    false,
                    false,
                    false,
                    false,
                    false,
                    false,
                    false,
                    false,
                    false,
                    false,
                    false,
                    false,
                    false
                ],
                "correct_after": [
                    false,
                    false,
                    false,
                    false,
                    false,
                    false,
                    false,
                    false,
                    false,
                    false,
                    false,
                    false,
                    false,
                    false,
                    false,
                    false,
                    false,
                    false
                ],
                "intervene_n_prompts": 13,
                "observe_n_prompts": 18,
                "intervene_lang": "en",
                "observe_lang": "fr"
            }
        },
        "enhancement": {
            "related": {
                "pct_change": [
                    0.14075788534975534,
                    13.307899589793154,
                    15.59562214346045,
                    0.7653094102957211,
                    8.672482255857807,
                    0.39538163740725213,
                    13.131512608644831,
                    6.2512535268753044,
                    0.2766831744733356,
                    6.851027968645712,
                    0.7574673609704592,
                    4.401782588337836,
                    4.219405048720709,
                    4.069890146409453,
                    0.2600503096440047,
                    -0.0215884337839562,
                    11.148996715114258,
                    1.4841637284887812
                ],
                "correct_before": [
                    false,
                    false,
                    false,
                    false,
                    false,
                    false,
                    false,
                    false,
                    false,
                    false,
                    false,
                    false,
                    false,
                    false,
                    false,
                    false,
                    false,
                    false
                ],
                "correct_after": [
                    false,
                    false,
                    false,
                    false,
                    false,
                    false,
                    false,
                    false,
                    false,
                    false,
                    false,
                    false,
                    false,
                    false,
                    false,
                    false,
                    false,
                    false
                ],
                "intervene_n_prompts": 13,
                "observe_n_prompts": 18,
                "intervene_lang": "en",
                "observe_lang": "fr"
            }
        },
        "n_refined_neurons": 20,
        "relation_name": "P19"
    }
}