{
    "q8660-q1348": {
        "suppression": {
            "related": {
                "pct_change": [
                    -0.18110077665874294,
                    -0.3254411551573067,
                    -0.4017457640977318,
                    -0.3771233738928406,
                    -0.03011998153256966,
                    -0.41333877806232616,
                    -0.36265500799546796,
                    -0.18668102885422852,
                    -0.3281095982715512,
                    -0.31140322946447824,
                    -0.4358129335591482,
                    -0.05962733959596757,
                    -0.28548208887748516,
                    -0.2630471013998509,
                    -0.2655060584344173,
                    0.0034009554405058954,
                    -0.39589215534723,
                    -0.03625191595963439
                ],
                "correct_before": [
                    false,
                    false,
                    false,
                    false,
                    false,
                    false,
                    false,
                    false,
                    false,
                    false,
                    false,
                    false,
                    false,
                    false,
                    false,
                    false,
                    false,
                    false
                ],
                "correct_after": [
                    false,
                    false,
                    false,
                    false,
                    false,
                    false,
                    false,
                    false,
                    false,
                    false,
                    false,
                    false,
                    false,
                    false,
                    false,
                    false,
                    false,
                    false
                ],
                "intervene_n_prompts": 4,
                "observe_n_prompts": 18,
                "intervene_lang": "en",
                "observe_lang": "fr"
            }
        },
        "enhancement": {
            "related": {
                "pct_change": [
                    0.41203202981866077,
                    0.4609577618603248,
                    0.62950446935544,
                    0.5870439059560991,
                    0.02689196553250911,
                    0.6822817602732983,
                    0.534839564444256,
                    0.23072145861255003,
                    0.8234732319040382,
                    0.4359416739007297,
                    0.7372578297938416,
                    0.04794930024895217,
                    0.3981102298774469,
                    0.34496227453997097,
                    0.780604423367162,
                    0.10705679502396329,
                    0.6036448272768775,
                    0.042571732498156566
                ],
                "correct_before": [
                    false,
                    false,
                    false,
                    false,
                    false,
                    false,
                    false,
                    false,
                    false,
                    false,
                    false,
                    false,
                    false,
                    false,
                    false,
                    false,
                    false,
                    false
                ],
                "correct_after": [
                    false,
                    false,
                    false,
                    false,
                    false,
                    false,
                    false,
                    false,
                    false,
                    false,
                    false,
                    false,
                    false,
                    false,
                    false,
                    false,
                    false,
                    false
                ],
                "intervene_n_prompts": 4,
                "observe_n_prompts": 18,
                "intervene_lang": "en",
                "observe_lang": "fr"
            }
        },
        "n_refined_neurons": 9,
        "relation_name": "P190"
    },
    "q17151-q1348": {
        "suppression": {
            "related": {
                "pct_change": [
                    -0.39392034921388386,
                    -0.6268517263149969,
                    -0.6790305492367104,
                    -0.5015452841193611,
                    -0.38816910146639916,
                    -0.5725686560415263,
                    -0.6302367022852615,
                    -0.5079495214134078,
                    -0.5503862167990087,
                    -0.5677332747735621,
                    -0.5598552683151036,
                    -0.4001077711186434,
                    -0.6137934950939695,
                    -0.44511058394934044,
                    -0.5499500971543992,
                    -0.35577690377448307,
                    -0.6465054732585427,
                    -0.3582131387077285
                ],
                "correct_before": [
                    false,
                    false,
                    false,
                    false,
                    false,
                    false,
                    false,
                    false,
                    false,
                    false,
                    false,
                    false,
                    false,
                    false,
                    false,
                    false,
                    false,
                    false
                ],
                "correct_after": [
                    false,
                    false,
                    false,
                    false,
                    false,
                    false,
                    false,
                    false,
                    false,
                    false,
                    false,
                    false,
                    false,
                    false,
                    false,
                    false,
                    false,
                    false
                ],
                "intervene_n_prompts": 4,
                "observe_n_prompts": 18,
                "intervene_lang": "en",
                "observe_lang": "fr"
            }
        },
        "enhancement": {
            "related": {
                "pct_change": [
                    0.5489567630789495,
                    1.3462293552404518,
                    1.6564232282478697,
                    0.8931362928955067,
                    0.5731927067416339,
                    1.1789452883549192,
                    1.3601594996726893,
                    0.9148080167371355,
                    0.9298054702034346,
                    1.0678419033895281,
                    1.105587230958806,
                    0.5697828359240695,
                    1.3080998466259954,
                    0.6751194838899056,
                    0.8708162585249339,
                    0.41420898357213354,
                    1.4394256686334155,
                    0.5120728266230666
                ],
                "correct_before": [
                    false,
                    false,
                    false,
                    false,
                    false,
                    false,
                    false,
                    false,
                    false,
                    false,
                    false,
                    false,
                    false,
                    false,
                    false,
                    false,
                    false,
                    false
                ],