{
    "q987-q668": {
        "suppression": {
            "related": {
                "pct_change": [
                    -0.5349226024711028,
                    -0.9110752644509236,
                    -0.8354550585961298,
                    -0.990280413141301,
                    -0.9821833542465356,
                    -0.9840809606899288,
                    -0.9083771055760405,
                    -0.9758534578519735,
                    -0.5750954939288667,
                    -0.9031296807932588,
                    -0.9859184763149765,
                    -0.9939737617454646,
                    -0.8680008306148261,
                    -0.9392953517847541,
                    -0.6233238666403256,
                    -0.3965747725852837,
                    -0.8979953593286744,
                    -0.8601845404262682
                ],
                "correct_before": [
                    false,
                    false,
                    false,
                    false,
                    false,
                    false,
                    false,
                    false,
                    false,
                    false,
                    false,
                    false,
                    false,
                    false,
                    false,
                    false,
                    false,
                    false
                ],
                "correct_after": [
                    false,
                    false,
                    false,
                    false,
                    false,
                    false,
                    false,
                    false,
                    false,
                    false,
                    false,
                    false,
                    false,
                    false,
                    false,
                    false,
                    false,
                    false
                ],
                "intervene_n_prompts": 14,
                "observe_n_prompts": 18,
                "intervene_lang": "en",
                "observe_lang": "fr"
            }
        },
        "enhancement": {
            "related": {
                "pct_change": [
                    1.237142253541519,
                    3.982841312291976,
                    5.942242986047251,
                    0.6399754811525478,
                    29.739988688619643,
                    0.5237960156941136,
                    4.349582079131117,
                    1.132013885253611,
                    1.283607641108423,
                    2.698806648586858,
                    0.10232691634234818,
                    1.979492619927695,
                    3.569281969499806,
                    5.93927166248578,
                    1.832793923861072,
                    0.6252325023407259,
                    3.827395057318638,
                    3.0985003679758827
                ],
                "correct_before": [
                    false,
                    false,
                    false,
                    false,
                    false,
                    false,
                    false,
                    false,
                    false,
                    false,
                    false,
                    false,
                    false,
                    false,
                    false,
                    false,
                    false,
                    false
                ],
                "correct_after": [
                    false,
                    false,
                    false,
                    false,
                    false,
                    false,
                    false,
                    false,
                    false,
                    false,
                    false,
                    false,
                    false,
                    false,
                    false,
                    false,
                    false,
                    false
                ],
                "intervene_n_prompts": 14,
                "observe_n_prompts": 18,
                "intervene_lang": "en",
                "observe_lang": "fr"
            }
        },
        "n_refined_neurons": 8,
        "relation_name": "P1376"
    },
    "q1354-q902": {
        "suppression": {
            "related": {
                "pct_change": [
                    -0.5145130283702319,
                    -0.9459480237848498,
                    -0.9262229687068603,
                    -0.9891441047265342,
                    -0.9938994349484251,
                    -0.9899139013424009,
                    -0.9464216132363833,
                    -0.9930191834610465,
                    -0.4191614724496385,
                    -0.9349476670103903,
                    -0.9958541433140146,
                    -0.9986990313360916,
                    -0.9560410786684156,
                    -0.957902670471848,
                    -0.5615443785797825,
                    -0.2488908082633054,
                    -0.945236011365914,
                    -0.9508817642898265
                ],
                "correct_before": [
                    false,
                    false,
                    false,
                    false,
                    false,
                    false,
                    false,
                    false,
                    false,
                    false,
                    false,
                    false,
                    false,
                    false,
                    false,
                    false,
                    false,
                    false
                ],
                "correct_after": [
                    false,
                    false,
                    false,
                    false,
                    false,
                    false,
                    false,
                    false,
                    false,
                    false,
                    false,
                    false,
                    false,
                    false,
                    false,
                    false,
                    false,
                    false
                ],
                "intervene_n_prompts": 14,
                "observe_n_prompts": 18,
                "intervene_lang": "en",
                "observe_lang": "fr"
            }
        },
        "enhancement": {
            "related": {
                "pct_change": [
                    1.0617175272085735,
                    8.495881474730263,
                    10.643336178866948,
                    2.2222782613763856,
                    13.385277594775454,
                    1.6160905090133482,
                    8.347623822235725,
                    3.8719351577810297,
                    0.8973601663278007,
                    7.079224570532669,
                    1.456222153434192,
                    1.8683470917482716,
                    14.811615020959902,
                    9.57647316417595,
                    1.5844635652131642,
                    0.40480030143938817,
                    10.53435875955725,
                    9.864942383460575
                ],
                "correct_before": [
                    false,
                    false,
                    false,
                    false,
                    false,
                    false,
                    false,
                    false,
                    false,
                    false,
                    false,
                    false,
                    false,
                    false,
                    false,
                    false,
                    false,
                    false
                ],