{
    "q1367166-q9798": {
        "suppression": {
            "related": {
                "pct_change": [
                    -0.29296642899266084,
                    -0.8252592156790007,
                    -0.8503562885688294,
                    -0.7311918610148621,
                    -0.8126400686105997,
                    -0.8751485624231096,
                    -0.813836474387678,
                    -0.7772154377823063,
                    -0.25769372190096324,
                    -0.6630517942926232,
                    -0.9138675735097893,
                    -0.7490290599291405,
                    -0.618239160721432,
                    -0.7074387189326065,
                    -0.26570283709396303,
                    -0.23916617521078629,
                    -0.8667805719991349,
                    -0.5832614432616182
                ],
                "correct_before": [
                    false,
                    false,
                    false,
                    false,
                    false,
                    false,
                    false,
                    false,
                    false,
                    false,
                    false,
                    false,
                    false,
                    false,
                    false,
                    false,
                    false,
                    false
                ],
                "correct_after": [
                    false,
                    false,
                    false,
                    false,
                    false,
                    false,
                    false,
                    false,
                    false,
                    false,
                    false,
                    false,
                    false,
                    false,
                    false,
                    false,
                    false,
                    false
                ],
                "intervene_n_prompts": 4,
                "observe_n_prompts": 18,
                "intervene_lang": "en",
                "observe_lang": "fr"
            }
        },
        "enhancement": {
            "related": {
                "pct_change": [
                    0.3230079049890819,
                    35.71204818650105,
                    38.08832550595154,
                    3.0603340568640514,
                    37.329801145744504,
                    14.573741240806765,
                    36.4378702422433,
                    7.010375094771256,
                    0.28279226754473974,
                    8.084506858634724,
                    6.959253023392016,
                    14.798032139531879,
                    7.564604090530688,
                    2.7192640326364845,
                    0.2928180539034965,
                    0.2555055523501805,
                    32.87371002979918,
                    6.154595833247598
                ],
                "correct_before": [
                    false,
                    false,
                    false,
                    false,
                    false,
                    false,
                    false,
                    false,
                    false,
                    false,
                    false,
                    false,
                    false,
                    false,
                    false,
                    false,
                    false,
                    false
                ],
                "correct_after": [
                    false,
                    false,
                    false,
                    false,
                    false,
                    false,
                    false,
                    false,
                    false,
                    false,
                    false,
                    false,
                    false,
                    false,
                    false,
                    false,
                    false,
                    false
                ],
                "intervene_n_prompts": 4,
                "observe_n_prompts": 18,
                "intervene_lang": "en",
                "observe_lang": "fr"
            }
        },
        "n_refined_neurons": 5,
        "relation_name": "P1303"
    }
}