{
    "q837-q668": {
        "suppression": {
            "related": {
                "pct_change": [
                    -0.06824528069889735,
                    -0.9075224019362766,
                    -0.7129406263262028,
                    -0.9122209861874889,
                    -0.9802408974701052,
                    -0.9695871428175904,
                    -0.9146608033931849,
                    -0.9282473188134227,
                    -0.01517593826263538,
                    -0.8896732988458499,
                    -0.9872503475299226,
                    -0.9870064055089196,
                    -0.7210664190257504,
                    -0.9102425067208568,
                    -0.003728639069032534,
                    0.07230052186359177,
                    -0.8413820510716646,
                    -0.8599997999178408
                ],
                "correct_before": [
                    false,
                    false,
                    false,
                    false,
                    false,
                    false,
                    false,
                    false,
                    false,
                    false,
                    false,
                    false,
                    false,
                    false,
                    false,
                    false,
                    false,
                    false
                ],
                "correct_after": [
                    false,
                    false,
                    false,
                    false,
                    false,
                    false,
                    false,
                    false,
                    false,
                    false,
                    false,
                    false,
                    false,
                    false,
                    false,
                    false,
                    false,
                    false
                ],
                "intervene_n_prompts": 9,
                "observe_n_prompts": 18,
                "intervene_lang": "en",
                "observe_lang": "fr"
            }
        },
        "enhancement": {
            "related": {
                "pct_change": [
                    0.07235848329910749,
                    5.073740388906416,
                    3.873196767957068,
                    -0.3645490023141015,
                    20.20698654317426,
                    -0.2010797811366696,
                    7.423123384924529,
                    0.3342563140033925,
                    0.017544920481279144,
                    3.8212344465759194,
                    -0.3746846597936589,
                    6.525287351657951,
                    1.5718283756122868,
                    4.263754492431345,
                    -0.009468945434441465,
                    -0.08492060141629544,
                    1.8968884713214418,
                    1.908807720011376
                ],
                "correct_before": [
                    false,
                    false,
                    false,
                    false,
                    false,
                    false,
                    false,
                    false,
                    false,
                    false,
                    false,
                    false,
                    false,
                    false,
                    false,
                    false,
                    false,
                    false
                ],
                "correct_after": [
                    false,
                    false,
                    false,
                    false,
                    false,
                    false,
                    false,
                    false,
                    false,
                    false,
                    false,
                    false,
                    false,
                    false,
                    false,
                    false,
                    false,
                    false
                ],
                "intervene_n_prompts": 9,
                "observe_n_prompts": 18,
                "intervene_lang": "en",
                "observe_lang": "fr"
            }
        },
        "n_refined_neurons": 13,
        "relation_name": "P47"
    },
    "q843-q668": {
        "suppression": {
            "related": {
                "pct_change": [
                    -0.3229230484188564,
                    -0.9004130230510304,
                    -0.8231787763132551,
                    -0.9937061878575564,
                    -0.9935700028303417,
                    -0.9928072973976196,
                    -0.8899192220976547,
                    -0.9905058748420856,
                    -0.6875402912444586,
                    -0.8909997246501932,
                    -0.9968957417432267,
                    -0.9977439833135888,
                    -0.9261795968613726,
                    -0.8963918861676652,
                    -0.3614840076543145,
                    -0.18470925555733753,
                    -0.869467047577825,
                    -0.8999343891819102
                ],
                "correct_before": [
                    false,
                    false,
                    false,
                    false,
                    false,
                    false,
                    false,
                    false,
                    false,
                    false,
                    false,
                    false,
                    false,
                    false,
                    false,
                    false,
                    false,
                    false
                ],
                "correct_after": [
                    false,
                    false,
                    false,
                    false,
                    false,
                    false,
                    false,
                    false,
                    false,
                    false,
                    false,
                    false,
                    false,
                    false,
                    false,
                    false,
                    false,
                    false
                ],
                "intervene_n_prompts": 9,
                "observe_n_prompts": 18,
                "intervene_lang": "en",
                "observe_lang": "fr"
            }
        },
        "enhancement": {
            "related": {
                "pct_change": [
                    0.5144603686814435,
                    3.351698892101264,
                    3.964477620048696,
                    0.9543448939189665,
                    23.948175540037386,
                    0.20432785466677225,
                    3.1789922603865914,
                    2.6589109898957313,
                    1.5601424562086612,
                    4.783733174964133,
                    0.6001373329641427,
                    2.07381125685295,
                    6.863493254171552,
                    3.9389098326388976,
                    0.4192849929198991,
                    0.10124595741026746,
                    3.433500325699397,
                    5.948950880395911
                ],
                "correct_before": [
                    false,
                    false,
                    false,
                    false,
                    false,
                    false,
                    false,
                    false,
                    false,
                    false,
                    false,
                    false,
                    false,
                    false,
                    false,
                    false,
                    false,
                    false
                ],