{
    "q102865-q184299": {
        "suppression": {
            "related": {
                "pct_change": [
                    -0.9729023437688866,
                    -0.948679170625699,
                    -0.9120843693561784,
                    -0.6673651986533522,
                    -0.5335305823260493,
                    -0.7688891636237396,
                    -0.9596665408236941,
                    -0.49029531582271674,
                    -0.9361989762302229,
                    -0.864543078175242,
                    -0.7667002313100663,
                    -0.8252028959351945,
                    -0.5892325198426073,
                    -0.9289778175099841,
                    -0.9451891554838234,
                    -0.9212122135692734,
                    -0.9123144635489749,
                    -0.5553655697766897
                ],
                "correct_before": [
                    false,
                    false,
                    false,
                    false,
                    false,
                    false,
                    false,
                    false,
                    false,
                    false,
                    false,
                    false,
                    false,
                    false,
                    false,
                    false,
                    false,
                    false
                ],
                "correct_after": [
                    false,
                    false,
                    false,
                    false,
                    false,
                    false,
                    false,
                    false,
                    false,
                    false,
                    false,
                    false,
                    false,
                    false,
                    false,
                    false,
                    false,
                    false
                ],
                "intervene_n_prompts": 6,
                "observe_n_prompts": 18,
                "intervene_lang": "en",
                "observe_lang": "fr"
            }
        },
        "enhancement": {
            "related": {
                "pct_change": [
                    19.541038612412898,
                    9.520124232174151,
                    8.330833026238833,
                    1.6686937297086901,
                    0.937972281228098,
                    2.6865557621842897,
                    6.621868175591573,
                    0.7952235347982822,
                    8.924837663906192,
                    5.096549111797425,
                    2.6066172138978145,
                    3.607798682994877,
                    1.021972890628698,
                    8.851683845058242,
                    9.709917603153976,
                    7.144737176873522,
                    6.645142017950986,
                    0.8753816981015592
                ],
                "correct_before": [
                    false,
                    false,
                    false,
                    false,
                    false,
                    false,
                    false,
                    false,
                    false,
                    false,
                    false,
                    false,
                    false,
                    false,
                    false,
                    false,
                    false,
                    false
                ],
                "correct_after": [
                    false,
                    false,
                    false,
                    false,
                    false,
                    false,
                    false,
                    false,
                    false,
                    false,
                    false,
                    false,
                    false,
                    false,
                    false,
                    false,
                    false,
                    false
                ],
                "intervene_n_prompts": 6,
                "observe_n_prompts": 18,
                "intervene_lang": "en",
                "observe_lang": "fr"
            }
        },
        "n_refined_neurons": 15,
        "relation_name": "P39"
    },
    "q332583-q184299": {
        "suppression": {
            "related": {
                "pct_change": [
                    -0.9667765074079555,
                    -0.7995079419059647,
                    -0.7109103199943477,
                    -0.8523900683534971,
                    -0.5964250168557543,
                    -0.8663237693953628,
                    -0.8399648865112773,
                    -0.4478088796072711,
                    -0.9592365123882461,
                    -0.7035306585241904,
                    -0.9079094462707582,
                    -0.6341399011050493,
                    -0.7258202496747563,
                    -0.9367400993334422,
                    -0.965347621558175,
                    -0.954857621564637,
                    -0.7128533300203705,
                    -0.7425725887034167
                ],
                "correct_before": [
                    false,
                    false,
                    false,
                    false,
                    false,
                    false,
                    false,
                    false,
                    false,
                    false,
                    false,
                    false,
                    false,
                    false,
                    false,
                    false,
                    false,
                    false
                ],
                "correct_after": [
                    false,
                    false,
                    false,
                    false,
                    false,
                    false,
                    false,
                    false,
                    false,
                    false,
                    false,
                    false,
                    false,
                    false,
                    false,
                    false,
                    false,
                    false
                ],
                "intervene_n_prompts": 6,
                "observe_n_prompts": 18,
                "intervene_lang": "en",
                "observe_lang": "fr"
            }
        },
        "enhancement": {
            "related": {
                "pct_change": [
                    24.17421878713921,
                    2.9757393764206816,
                    1.5610222701447842,
                    3.37117019317831,
                    0.9438123811199735,
                    4.844281684865361,
                    2.9748998583126274,
                    0.7343537309755095,
                    31.236024651659697,
                    2.781821666357211,
                    4.563094590368267,
                    1.986829811218748,
                    1.162179262295046,
                    5.3750512558172865,
                    20.20937433215372,
                    33.644244808341774,
                    2.7496883794146747,
                    1.3002692424340772
                ],
                "correct_before": [
                    false,
                    false,
                    false,
                    false,
                    false,
                    false,
                    false,
                    false,
                    false,
                    false,
                    false,
                    false,
                    false,
                    false,
                    false,
                    false,
                    false,
                    false
                ],