{
    "q14253532-q95": {
        "suppression": {
            "related": {
                "pct_change": [
                    -0.9204566831630554,
                    -0.6918198183754185,
                    -0.7294383240401432,
                    -0.5619391714864941,
                    -0.6375659141272316,
                    -0.8617497744966538,
                    -0.6143199401870144,
                    -0.7958452534193101,
                    -0.7920236581924022,
                    -0.6866409117814658,
                    -0.7293386244527319,
                    -0.9368676088300161,
                    -0.5024575127751028,
                    -0.6477465585319009,
                    -0.8873148601114161,
                    -0.7993286110809192,
                    -0.6191251421836507,
                    -0.5252946955777159
                ],
                "correct_before": [
                    false,
                    false,
                    false,
                    false,
                    false,
                    false,
                    false,
                    false,
                    false,
                    false,
                    false,
                    false,
                    false,
                    false,
                    false,
                    false,
                    false,
                    false
                ],
                "correct_after": [
                    false,
                    false,
                    false,
                    false,
                    false,
                    false,
                    false,
                    false,
                    false,
                    false,
                    false,
                    false,
                    false,
                    false,
                    false,
                    false,
                    false,
                    false
                ],
                "intervene_n_prompts": 12,
                "observe_n_prompts": 18,
                "intervene_lang": "en",
                "observe_lang": "fr"
            }
        },
        "enhancement": {
            "related": {
                "pct_change": [
                    18.04029860865141,
                    2.658730195863877,
                    1.7028780590120638,
                    1.1084577087965892,
                    2.6714353735824004,
                    3.5576411564369543,
                    2.62200696281121,
                    2.6281146669326754,
                    24.470802510400393,
                    1.0365587218008578,
                    2.3525575600860424,
                    7.324374839187726,
                    1.068439185654534,
                    5.754169799512738,
                    17.01112100069865,
                    23.967641890354678,
                    1.0173626310190547,
                    1.1613167034283107
                ],
                "correct_before": [
                    false,
                    false,
                    false,
                    false,
                    false,
                    false,
                    false,
                    false,
                    false,
                    false,
                    false,
                    false,
                    false,
                    false,
                    false,
                    false,
                    false,
                    false
                ],
                "correct_after": [
                    false,
                    false,
                    false,
                    false,
                    false,
                    false,
                    false,
                    false,
                    false,
                    false,
                    false,
                    false,
                    false,
                    false,
                    false,
                    false,
                    false,
                    false
                ],
                "intervene_n_prompts": 12,
                "observe_n_prompts": 18,
                "intervene_lang": "en",
                "observe_lang": "fr"
            }
        },
        "n_refined_neurons": 19,
        "relation_name": "P176"
    }
}