{
    "q542137-q84": {
        "suppression": {
            "related": {
                "pct_change": [
                    -0.5530357450322236,
                    -0.4027967113470682,
                    -0.5963721965985908,
                    -0.599899893824219,
                    -0.37829728212489155,
                    -0.7694137009516612,
                    -0.6154258786335182,
                    -0.31875742650278127,
                    -0.7024442408945877,
                    -0.523855151228091,
                    -0.7501096422584697,
                    -0.642798708526548,
                    -0.28870320481313033,
                    -0.4579836803968503,
                    -0.6057323255567707,
                    -0.7080798530924627,
                    -0.5371236281561836,
                    -0.2830498997890098
                ],
                "correct_before": [
                    false,
                    false,
                    false,
                    false,
                    false,
                    false,
                    false,
                    false,
                    false,
                    false,
                    false,
                    false,
                    false,
                    false,
                    false,
                    false,
                    false,
                    false
                ],
                "correct_after": [
                    false,
                    false,
                    false,
                    false,
                    false,
                    false,
                    false,
                    false,
                    false,
                    false,
                    false,
                    false,
                    false,
                    false,
                    false,
                    false,
                    false,
                    false
                ],
                "intervene_n_prompts": 13,
                "observe_n_prompts": 18,
                "intervene_lang": "en",
                "observe_lang": "fr"
            }
        },
        "enhancement": {
            "related": {
                "pct_change": [
                    1.0963432944970757,
                    0.6341008680761173,
                    1.2550501767032247,
                    1.3662959822598286,
                    0.5514891643717944,
                    2.8158966172879034,
                    1.335517294111891,
                    0.4547668519182057,
                    2.22685513457176,
                    1.0119072025314362,
                    2.4783933637813558,
                    1.5140479353835792,
                    0.3819732838913188,
                    0.7500978450988914,
                    1.3619867986579288,
                    2.288746885321963,
                    1.0640854734508987,
                    0.3652945956587328
                ],
                "correct_before": [
                    false,
                    false,
                    false,
                    false,
                    false,
                    false,
                    false,
                    false,
                    false,
                    false,
                    false,
                    false,
                    false,
                    false,
                    false,
                    false,
                    false,
                    false
                ],
                "correct_after": [
                    false,
                    false,
                    false,
                    false,
                    false,
                    false,
                    false,
                    false,
                    false,
                    false,
                    false,
                    false,
                    false,
                    false,
                    false,
                    false,
                    false,
                    false
                ],
                "intervene_n_prompts": 13,
                "observe_n_prompts": 18,
                "intervene_lang": "en",
                "observe_lang": "fr"
            }
        },
        "n_refined_neurons": 8,
        "relation_name": "P19"
    },
    "q236596-q84": {
        "suppression": {
            "related": {
                "pct_change": [
                    -0.7055677554396368,
                    -0.35491782939036326,
                    -0.30109257021695224,
                    -0.48165430687688393,
                    -0.23485626155399503,
                    -0.5739080287923416,
                    -0.4474306600457388,
                    -0.24175573678380213,
                    -0.5717314215733806,
                    -0.3182473607724803,
                    -0.495349295657377,
                    -0.609774453615551,
                    -0.1997867523018337,
                    -0.48502498447287556,
                    -0.5323772711179723,
                    -0.5830416859163439,
                    -0.3220510295879691,
                    -0.2758313558460437
                ],
                "correct_before": [
                    false,
                    false,
                    false,
                    false,
                    false,
                    false,
                    false,
                    false,
                    false,
                    false,
                    false,
                    false,
                    false,
                    false,
                    false,
                    false,
                    false,
                    false
                ],
                "correct_after": [
                    false,
                    false,
                    false,
                    false,
                    false,
                    false,
                    false,
                    false,
                    false,
                    false,
                    false,
                    false,
                    false,
                    false,
                    false,
                    false,
                    false,
                    false
                ],
                "intervene_n_prompts": 13,
                "observe_n_prompts": 18,
                "intervene_lang": "en",
                "observe_lang": "fr"
            }
        },
        "enhancement": {
            "related": {
                "pct_change": [
                    2.035739534877386,
                    0.5144206548840695,
                    0.38456150134558,
                    0.8906326912517789,
                    0.28755846731941814,
                    1.2152936688239155,
                    0.6026077242763529,
                    0.3092336533024002,
                    1.1740614526703281,
                    0.408354454259506,
                    0.8672196940890485,
                    1.2747903154294293,
                    0.25653321391014117,
                    0.7302757494831595,
                    0.9730575475132371,
                    1.2256800170581754,
                    0.4152973865144076,
                    0.3818361753629239
                ],
                "correct_before": [
                    false,
                    false,
                    false,
                    false,
                    false,
                    false,
                    false,
                    false,
                    false,
                    false,
                    false,
                    false,
                    false,
                    false,
                    false,
                    false,
                    false,
                    false
                ],