{
    "q2760347-q838984": {
        "suppression": {
            "related": {
                "pct_change": [
                    -0.9539238403954188,
                    -0.9922611235668897,
                    -0.9967160069629648,
                    -0.7296699739655712,
                    -0.43067394591871355,
                    -0.7846987929682252,
                    -0.9933088246272788,
                    -0.32477760992437965,
                    -0.9713955375656205,
                    -0.9943990044926715,
                    -0.866834889380179,
                    -0.9718883627450136,
                    -0.9680048850783874,
                    -0.9977349161508213,
                    -0.9910908107292227,
                    -0.9732347155485317,
                    -0.9948380826321525,
                    -0.9558938869541279
                ],
                "correct_before": [
                    false,
                    false,
                    false,
                    false,
                    false,
                    false,
                    false,
                    false,
                    false,
                    false,
                    false,
                    false,
                    false,
                    false,
                    false,
                    false,
                    false,
                    false
                ],
                "correct_after": [
                    false,
                    false,
                    false,
                    false,
                    false,
                    false,
                    false,
                    false,
                    false,
                    false,
                    false,
                    false,
                    false,
                    false,
                    false,
                    false,
                    false,
                    false
                ],
                "intervene_n_prompts": 5,
                "observe_n_prompts": 18,
                "intervene_lang": "en",
                "observe_lang": "fr"
            }
        },
        "enhancement": {
            "related": {
                "pct_change": [
                    12.410820670296541,
                    31.471114734853707,
                    79.33801302863058,
                    2.351437994354518,
                    0.6127378640509051,
                    3.2560006397087093,
                    49.23146962944591,
                    0.43757001691610353,
                    28.57122068790696,
                    49.08151872904824,
                    5.433961614229138,
                    11.500426302950286,
                    10.326107146648047,
                    70.4282914803078,
                    69.36313820516959,
                    29.495015768478105,
                    51.927554843518834,
                    9.858732368272829
                ],
                "correct_before": [
                    false,
                    false,
                    false,
                    false,
                    false,
                    false,
                    false,
                    false,
                    false,
                    false,
                    false,
                    false,
                    false,
                    false,
                    false,
                    false,
                    false,
                    false
                ],
                "correct_after": [
                    false,
                    false,
                    false,
                    false,
                    false,
                    false,
                    false,
                    false,
                    false,
                    false,
                    false,
                    false,
                    false,
                    false,
                    false,
                    false,
                    false,
                    false
                ],
                "intervene_n_prompts": 5,
                "observe_n_prompts": 18,
                "intervene_lang": "en",
                "observe_lang": "fr"
            }
        },
        "n_refined_neurons": 5,
        "relation_name": "P463"
    }
}